MemberName,ShopName
MemberName1,ShopName1
MemberName2,ShopName2
MemberName3,ShopName3
MemberName4,ShopName4
MemberName5,ShopName5
MemberName6,ShopName6
MemberName7,ShopName7
MemberName8,ShopName8
MemberName9,ShopName9
MemberName10,ShopName10
MemberName11,ShopName11
MemberName12,ShopName12
MemberName13,ShopName13
MemberName14,ShopName14
MemberName15,ShopName15
MemberName16,ShopName16
MemberName17,ShopName17
MemberName18,ShopName18
MemberName19,ShopName19
MemberName20,ShopName20
MemberName21,ShopName21
MemberName22,ShopName22
MemberName23,ShopName23
MemberName24,ShopName24
MemberName25,ShopName25
MemberName26,ShopName26
MemberName27,ShopName27
MemberName28,ShopName28
MemberName29,ShopName29
MemberName30,ShopName30
MemberName31,ShopName31
MemberName32,ShopName32
MemberName33,ShopName33
MemberName34,ShopName34
MemberName35,ShopName35
MemberName36,ShopName36
MemberName37,ShopName37
MemberName38,ShopName38
MemberName39,ShopName39
MemberName40,ShopName40
MemberName41,ShopName41
MemberName42,ShopName42
MemberName43,ShopName43
MemberName44,ShopName44
MemberName45,ShopName45
MemberName46,ShopName46
MemberName47,ShopName47
MemberName48,ShopName48
MemberName49,ShopName49
MemberName50,ShopName50
MemberName51,ShopName51
MemberName52,ShopName52
MemberName53,ShopName53
MemberName54,ShopName54
MemberName55,ShopName55
MemberName56,ShopName56
MemberName57,ShopName57
MemberName58,ShopName58
MemberName59,ShopName59
MemberName60,ShopName60
MemberName61,ShopName61
MemberName62,ShopName62
MemberName63,ShopName63
MemberName64,ShopName64
MemberName65,ShopName65
MemberName66,ShopName66
MemberName67,ShopName67
MemberName68,ShopName68
MemberName69,ShopName69
MemberName70,ShopName70
MemberName71,ShopName71
MemberName72,ShopName72
MemberName73,ShopName73
MemberName74,ShopName74
MemberName75,ShopName75
MemberName76,ShopName76
MemberName77,ShopName77
MemberName78,ShopName78
MemberName79,ShopName79
MemberName80,ShopName80
MemberName81,ShopName81
MemberName82,ShopName82
MemberName83,ShopName83
MemberName84,ShopName84
MemberName85,ShopName85
MemberName86,ShopName86
MemberName87,ShopName87
MemberName88,ShopName88
MemberName89,ShopName89
MemberName90,ShopName90
MemberName91,ShopName91
MemberName92,ShopName92
MemberName93,ShopName93
MemberName94,ShopName94
MemberName95,ShopName95
MemberName96,ShopName96
MemberName97,ShopName97
MemberName98,ShopName98
MemberName99,ShopName99
MemberName100,ShopName100
