MemberNameRegister,MemberNameLogin,MemberNAmeOpenShop,MemberNameAppointShopOwner,MemberNameAddDiscount,ShopNameOpenShop,ShopNameAppointShopOwner,ShopNameAddDiscount
MemberNameRgister1,MemberNameLogin1,MemberNAmeOpenShop1,MemberNameAppointShopOwner1,MemberNameAddDiscount1,ShopNameOpenShop1,ShopNameAppointShopOwner1,ShopNameAddDiscount1
MemberNameRegister2,MemberNameLogin2,MemberNAmeOpenShop2,MemberNameAppointShopOwner2,MemberNameAddDiscount2,ShopNameOpenShop2,ShopNameAppointShopOwner2,ShopNameAddDiscount2
MemberNameRgister2,MemberNameLogin3,MemberNAmeOpenShop3,MemberNameAppointShopOwner3,MemberNameAddDiscount3,ShopNameOpenShop3,ShopNameAppointShopOwner3,ShopNameAddDiscount3
MemberNameRegister3,MemberNameLogin4,MemberNAmeOpenShop4,MemberNameAppointShopOwner4,MemberNameAddDiscount4,ShopNameOpenShop4,ShopNameAppointShopOwner4,ShopNameAddDiscount4
MemberNameRgister3,MemberNameLogin5,MemberNAmeOpenShop5,MemberNameAppointShopOwner5,MemberNameAddDiscount5,ShopNameOpenShop5,ShopNameAppointShopOwner5,ShopNameAddDiscount5
MemberNameRegister4,MemberNameLogin6,MemberNAmeOpenShop6,MemberNameAppointShopOwner6,MemberNameAddDiscount6,ShopNameOpenShop6,ShopNameAppointShopOwner6,ShopNameAddDiscount6
MemberNameRgister4,MemberNameLogin7,MemberNAmeOpenShop7,MemberNameAppointShopOwner7,MemberNameAddDiscount7,ShopNameOpenShop7,ShopNameAppointShopOwner7,ShopNameAddDiscount7
MemberNameRegister5,MemberNameLogin8,MemberNAmeOpenShop8,MemberNameAppointShopOwner8,MemberNameAddDiscount8,ShopNameOpenShop8,ShopNameAppointShopOwner8,ShopNameAddDiscount8
MemberNameRgister5,MemberNameLogin9,MemberNAmeOpenShop9,MemberNameAppointShopOwner9,MemberNameAddDiscount9,ShopNameOpenShop9,ShopNameAppointShopOwner9,ShopNameAddDiscount9
MemberNameRegister6,MemberNameLogin10,MemberNAmeOpenShop10,MemberNameAppointShopOwner10,MemberNameAddDiscount10,ShopNameOpenShop10,ShopNameAppointShopOwner10,ShopNameAddDiscount10
MemberNameRgister6,MemberNameLogin11,MemberNAmeOpenShop11,MemberNameAppointShopOwner11,MemberNameAddDiscount11,ShopNameOpenShop11,ShopNameAppointShopOwner11,ShopNameAddDiscount11
MemberNameRegister7,MemberNameLogin12,MemberNAmeOpenShop12,MemberNameAppointShopOwner12,MemberNameAddDiscount12,ShopNameOpenShop12,ShopNameAppointShopOwner12,ShopNameAddDiscount12
MemberNameRgister7,MemberNameLogin13,MemberNAmeOpenShop13,MemberNameAppointShopOwner13,MemberNameAddDiscount13,ShopNameOpenShop13,ShopNameAppointShopOwner13,ShopNameAddDiscount13
MemberNameRegister8,MemberNameLogin14,MemberNAmeOpenShop14,MemberNameAppointShopOwner14,MemberNameAddDiscount14,ShopNameOpenShop14,ShopNameAppointShopOwner14,ShopNameAddDiscount14
MemberNameRgister8,MemberNameLogin15,MemberNAmeOpenShop15,MemberNameAppointShopOwner15,MemberNameAddDiscount15,ShopNameOpenShop15,ShopNameAppointShopOwner15,ShopNameAddDiscount15
MemberNameRegister9,MemberNameLogin16,MemberNAmeOpenShop16,MemberNameAppointShopOwner16,MemberNameAddDiscount16,ShopNameOpenShop16,ShopNameAppointShopOwner16,ShopNameAddDiscount16
MemberNameRgister9,MemberNameLogin17,MemberNAmeOpenShop17,MemberNameAppointShopOwner17,MemberNameAddDiscount17,ShopNameOpenShop17,ShopNameAppointShopOwner17,ShopNameAddDiscount17
MemberNameRegister10,MemberNameLogin18,MemberNAmeOpenShop18,MemberNameAppointShopOwner18,MemberNameAddDiscount18,ShopNameOpenShop18,ShopNameAppointShopOwner18,ShopNameAddDiscount18
MemberNameRgister10,MemberNameLogin19,MemberNAmeOpenShop19,MemberNameAppointShopOwner19,MemberNameAddDiscount19,ShopNameOpenShop19,ShopNameAppointShopOwner19,ShopNameAddDiscount19
MemberNameRegister11,MemberNameLogin20,MemberNAmeOpenShop20,MemberNameAppointShopOwner20,MemberNameAddDiscount20,ShopNameOpenShop20,ShopNameAppointShopOwner20,ShopNameAddDiscount20
MemberNameRgister11,MemberNameLogin21,MemberNAmeOpenShop21,MemberNameAppointShopOwner21,MemberNameAddDiscount21,ShopNameOpenShop21,ShopNameAppointShopOwner21,ShopNameAddDiscount21
MemberNameRegister12,MemberNameLogin22,MemberNAmeOpenShop22,MemberNameAppointShopOwner22,MemberNameAddDiscount22,ShopNameOpenShop22,ShopNameAppointShopOwner22,ShopNameAddDiscount22
MemberNameRgister12,MemberNameLogin23,MemberNAmeOpenShop23,MemberNameAppointShopOwner23,MemberNameAddDiscount23,ShopNameOpenShop23,ShopNameAppointShopOwner23,ShopNameAddDiscount23
MemberNameRegister13,MemberNameLogin24,MemberNAmeOpenShop24,MemberNameAppointShopOwner24,MemberNameAddDiscount24,ShopNameOpenShop24,ShopNameAppointShopOwner24,ShopNameAddDiscount24
MemberNameRgister13,MemberNameLogin25,MemberNAmeOpenShop25,MemberNameAppointShopOwner25,MemberNameAddDiscount25,ShopNameOpenShop25,ShopNameAppointShopOwner25,ShopNameAddDiscount25
MemberNameRegister14,MemberNameLogin26,MemberNAmeOpenShop26,MemberNameAppointShopOwner26,MemberNameAddDiscount26,ShopNameOpenShop26,ShopNameAppointShopOwner26,ShopNameAddDiscount26
MemberNameRgister14,MemberNameLogin27,MemberNAmeOpenShop27,MemberNameAppointShopOwner27,MemberNameAddDiscount27,ShopNameOpenShop27,ShopNameAppointShopOwner27,ShopNameAddDiscount27
MemberNameRegister15,MemberNameLogin28,MemberNAmeOpenShop28,MemberNameAppointShopOwner28,MemberNameAddDiscount28,ShopNameOpenShop28,ShopNameAppointShopOwner28,ShopNameAddDiscount28
MemberNameRgister15,MemberNameLogin29,MemberNAmeOpenShop29,MemberNameAppointShopOwner29,MemberNameAddDiscount29,ShopNameOpenShop29,ShopNameAppointShopOwner29,ShopNameAddDiscount29
MemberNameRegister16,MemberNameLogin30,MemberNAmeOpenShop30,MemberNameAppointShopOwner30,MemberNameAddDiscount30,ShopNameOpenShop30,ShopNameAppointShopOwner30,ShopNameAddDiscount30
MemberNameRgister16,MemberNameLogin31,MemberNAmeOpenShop31,MemberNameAppointShopOwner31,MemberNameAddDiscount31,ShopNameOpenShop31,ShopNameAppointShopOwner31,ShopNameAddDiscount31
MemberNameRegister17,MemberNameLogin32,MemberNAmeOpenShop32,MemberNameAppointShopOwner32,MemberNameAddDiscount32,ShopNameOpenShop32,ShopNameAppointShopOwner32,ShopNameAddDiscount32
MemberNameRgister17,MemberNameLogin33,MemberNAmeOpenShop33,MemberNameAppointShopOwner33,MemberNameAddDiscount33,ShopNameOpenShop33,ShopNameAppointShopOwner33,ShopNameAddDiscount33
MemberNameRegister18,MemberNameLogin34,MemberNAmeOpenShop34,MemberNameAppointShopOwner34,MemberNameAddDiscount34,ShopNameOpenShop34,ShopNameAppointShopOwner34,ShopNameAddDiscount34
MemberNameRgister18,MemberNameLogin35,MemberNAmeOpenShop35,MemberNameAppointShopOwner35,MemberNameAddDiscount35,ShopNameOpenShop35,ShopNameAppointShopOwner35,ShopNameAddDiscount35
MemberNameRegister19,MemberNameLogin36,MemberNAmeOpenShop36,MemberNameAppointShopOwner36,MemberNameAddDiscount36,ShopNameOpenShop36,ShopNameAppointShopOwner36,ShopNameAddDiscount36
MemberNameRgister19,MemberNameLogin37,MemberNAmeOpenShop37,MemberNameAppointShopOwner37,MemberNameAddDiscount37,ShopNameOpenShop37,ShopNameAppointShopOwner37,ShopNameAddDiscount37
MemberNameRegister20,MemberNameLogin38,MemberNAmeOpenShop38,MemberNameAppointShopOwner38,MemberNameAddDiscount38,ShopNameOpenShop38,ShopNameAppointShopOwner38,ShopNameAddDiscount38
MemberNameRgister20,MemberNameLogin39,MemberNAmeOpenShop39,MemberNameAppointShopOwner39,MemberNameAddDiscount39,ShopNameOpenShop39,ShopNameAppointShopOwner39,ShopNameAddDiscount39
MemberNameRegister21,MemberNameLogin40,MemberNAmeOpenShop40,MemberNameAppointShopOwner40,MemberNameAddDiscount40,ShopNameOpenShop40,ShopNameAppointShopOwner40,ShopNameAddDiscount40
MemberNameRgister21,MemberNameLogin41,MemberNAmeOpenShop41,MemberNameAppointShopOwner41,MemberNameAddDiscount41,ShopNameOpenShop41,ShopNameAppointShopOwner41,ShopNameAddDiscount41
MemberNameRegister22,MemberNameLogin42,MemberNAmeOpenShop42,MemberNameAppointShopOwner42,MemberNameAddDiscount42,ShopNameOpenShop42,ShopNameAppointShopOwner42,ShopNameAddDiscount42
MemberNameRgister22,MemberNameLogin43,MemberNAmeOpenShop43,MemberNameAppointShopOwner43,MemberNameAddDiscount43,ShopNameOpenShop43,ShopNameAppointShopOwner43,ShopNameAddDiscount43
MemberNameRegister23,MemberNameLogin44,MemberNAmeOpenShop44,MemberNameAppointShopOwner44,MemberNameAddDiscount44,ShopNameOpenShop44,ShopNameAppointShopOwner44,ShopNameAddDiscount44
MemberNameRgister23,MemberNameLogin45,MemberNAmeOpenShop45,MemberNameAppointShopOwner45,MemberNameAddDiscount45,ShopNameOpenShop45,ShopNameAppointShopOwner45,ShopNameAddDiscount45
MemberNameRegister24,MemberNameLogin46,MemberNAmeOpenShop46,MemberNameAppointShopOwner46,MemberNameAddDiscount46,ShopNameOpenShop46,ShopNameAppointShopOwner46,ShopNameAddDiscount46
MemberNameRgister24,MemberNameLogin47,MemberNAmeOpenShop47,MemberNameAppointShopOwner47,MemberNameAddDiscount47,ShopNameOpenShop47,ShopNameAppointShopOwner47,ShopNameAddDiscount47
MemberNameRegister25,MemberNameLogin48,MemberNAmeOpenShop48,MemberNameAppointShopOwner48,MemberNameAddDiscount48,ShopNameOpenShop48,ShopNameAppointShopOwner48,ShopNameAddDiscount48
MemberNameRgister25,MemberNameLogin49,MemberNAmeOpenShop49,MemberNameAppointShopOwner49,MemberNameAddDiscount49,ShopNameOpenShop49,ShopNameAppointShopOwner49,ShopNameAddDiscount49
MemberNameRegister26,MemberNameLogin50,MemberNAmeOpenShop50,MemberNameAppointShopOwner50,MemberNameAddDiscount50,ShopNameOpenShop50,ShopNameAppointShopOwner50,ShopNameAddDiscount50
MemberNameRgister26,MemberNameLogin51,MemberNAmeOpenShop51,MemberNameAppointShopOwner51,MemberNameAddDiscount51,ShopNameOpenShop51,ShopNameAppointShopOwner51,ShopNameAddDiscount51
MemberNameRegister27,MemberNameLogin52,MemberNAmeOpenShop52,MemberNameAppointShopOwner52,MemberNameAddDiscount52,ShopNameOpenShop52,ShopNameAppointShopOwner52,ShopNameAddDiscount52
MemberNameRgister27,MemberNameLogin53,MemberNAmeOpenShop53,MemberNameAppointShopOwner53,MemberNameAddDiscount53,ShopNameOpenShop53,ShopNameAppointShopOwner53,ShopNameAddDiscount53
MemberNameRegister28,MemberNameLogin54,MemberNAmeOpenShop54,MemberNameAppointShopOwner54,MemberNameAddDiscount54,ShopNameOpenShop54,ShopNameAppointShopOwner54,ShopNameAddDiscount54
MemberNameRgister28,MemberNameLogin55,MemberNAmeOpenShop55,MemberNameAppointShopOwner55,MemberNameAddDiscount55,ShopNameOpenShop55,ShopNameAppointShopOwner55,ShopNameAddDiscount55
MemberNameRegister29,MemberNameLogin56,MemberNAmeOpenShop56,MemberNameAppointShopOwner56,MemberNameAddDiscount56,ShopNameOpenShop56,ShopNameAppointShopOwner56,ShopNameAddDiscount56
MemberNameRgister29,MemberNameLogin57,MemberNAmeOpenShop57,MemberNameAppointShopOwner57,MemberNameAddDiscount57,ShopNameOpenShop57,ShopNameAppointShopOwner57,ShopNameAddDiscount57
MemberNameRegister30,MemberNameLogin58,MemberNAmeOpenShop58,MemberNameAppointShopOwner58,MemberNameAddDiscount58,ShopNameOpenShop58,ShopNameAppointShopOwner58,ShopNameAddDiscount58
MemberNameRgister30,MemberNameLogin59,MemberNAmeOpenShop59,MemberNameAppointShopOwner59,MemberNameAddDiscount59,ShopNameOpenShop59,ShopNameAppointShopOwner59,ShopNameAddDiscount59
MemberNameRegister31,MemberNameLogin60,MemberNAmeOpenShop60,MemberNameAppointShopOwner60,MemberNameAddDiscount60,ShopNameOpenShop60,ShopNameAppointShopOwner60,ShopNameAddDiscount60
MemberNameRgister31,MemberNameLogin61,MemberNAmeOpenShop61,MemberNameAppointShopOwner61,MemberNameAddDiscount61,ShopNameOpenShop61,ShopNameAppointShopOwner61,ShopNameAddDiscount61
MemberNameRegister32,MemberNameLogin62,MemberNAmeOpenShop62,MemberNameAppointShopOwner62,MemberNameAddDiscount62,ShopNameOpenShop62,ShopNameAppointShopOwner62,ShopNameAddDiscount62
MemberNameRgister32,MemberNameLogin63,MemberNAmeOpenShop63,MemberNameAppointShopOwner63,MemberNameAddDiscount63,ShopNameOpenShop63,ShopNameAppointShopOwner63,ShopNameAddDiscount63
MemberNameRegister33,MemberNameLogin64,MemberNAmeOpenShop64,MemberNameAppointShopOwner64,MemberNameAddDiscount64,ShopNameOpenShop64,ShopNameAppointShopOwner64,ShopNameAddDiscount64
MemberNameRgister33,MemberNameLogin65,MemberNAmeOpenShop65,MemberNameAppointShopOwner65,MemberNameAddDiscount65,ShopNameOpenShop65,ShopNameAppointShopOwner65,ShopNameAddDiscount65
MemberNameRegister34,MemberNameLogin66,MemberNAmeOpenShop66,MemberNameAppointShopOwner66,MemberNameAddDiscount66,ShopNameOpenShop66,ShopNameAppointShopOwner66,ShopNameAddDiscount66
MemberNameRgister34,MemberNameLogin67,MemberNAmeOpenShop67,MemberNameAppointShopOwner67,MemberNameAddDiscount67,ShopNameOpenShop67,ShopNameAppointShopOwner67,ShopNameAddDiscount67
MemberNameRegister35,MemberNameLogin68,MemberNAmeOpenShop68,MemberNameAppointShopOwner68,MemberNameAddDiscount68,ShopNameOpenShop68,ShopNameAppointShopOwner68,ShopNameAddDiscount68
MemberNameRgister35,MemberNameLogin69,MemberNAmeOpenShop69,MemberNameAppointShopOwner69,MemberNameAddDiscount69,ShopNameOpenShop69,ShopNameAppointShopOwner69,ShopNameAddDiscount69
MemberNameRegister36,MemberNameLogin70,MemberNAmeOpenShop70,MemberNameAppointShopOwner70,MemberNameAddDiscount70,ShopNameOpenShop70,ShopNameAppointShopOwner70,ShopNameAddDiscount70
MemberNameRgister36,MemberNameLogin71,MemberNAmeOpenShop71,MemberNameAppointShopOwner71,MemberNameAddDiscount71,ShopNameOpenShop71,ShopNameAppointShopOwner71,ShopNameAddDiscount71
MemberNameRegister37,MemberNameLogin72,MemberNAmeOpenShop72,MemberNameAppointShopOwner72,MemberNameAddDiscount72,ShopNameOpenShop72,ShopNameAppointShopOwner72,ShopNameAddDiscount72
MemberNameRgister37,MemberNameLogin73,MemberNAmeOpenShop73,MemberNameAppointShopOwner73,MemberNameAddDiscount73,ShopNameOpenShop73,ShopNameAppointShopOwner73,ShopNameAddDiscount73
MemberNameRegister38,MemberNameLogin74,MemberNAmeOpenShop74,MemberNameAppointShopOwner74,MemberNameAddDiscount74,ShopNameOpenShop74,ShopNameAppointShopOwner74,ShopNameAddDiscount74
MemberNameRgister38,MemberNameLogin75,MemberNAmeOpenShop75,MemberNameAppointShopOwner75,MemberNameAddDiscount75,ShopNameOpenShop75,ShopNameAppointShopOwner75,ShopNameAddDiscount75
MemberNameRegister39,MemberNameLogin76,MemberNAmeOpenShop76,MemberNameAppointShopOwner76,MemberNameAddDiscount76,ShopNameOpenShop76,ShopNameAppointShopOwner76,ShopNameAddDiscount76
MemberNameRgister39,MemberNameLogin77,MemberNAmeOpenShop77,MemberNameAppointShopOwner77,MemberNameAddDiscount77,ShopNameOpenShop77,ShopNameAppointShopOwner77,ShopNameAddDiscount77
MemberNameRegister40,MemberNameLogin78,MemberNAmeOpenShop78,MemberNameAppointShopOwner78,MemberNameAddDiscount78,ShopNameOpenShop78,ShopNameAppointShopOwner78,ShopNameAddDiscount78
MemberNameRgister40,MemberNameLogin79,MemberNAmeOpenShop79,MemberNameAppointShopOwner79,MemberNameAddDiscount79,ShopNameOpenShop79,ShopNameAppointShopOwner79,ShopNameAddDiscount79
MemberNameRegister41,MemberNameLogin80,MemberNAmeOpenShop80,MemberNameAppointShopOwner80,MemberNameAddDiscount80,ShopNameOpenShop80,ShopNameAppointShopOwner80,ShopNameAddDiscount80
MemberNameRgister41,MemberNameLogin81,MemberNAmeOpenShop81,MemberNameAppointShopOwner81,MemberNameAddDiscount81,ShopNameOpenShop81,ShopNameAppointShopOwner81,ShopNameAddDiscount81
MemberNameRegister42,MemberNameLogin82,MemberNAmeOpenShop82,MemberNameAppointShopOwner82,MemberNameAddDiscount82,ShopNameOpenShop82,ShopNameAppointShopOwner82,ShopNameAddDiscount82
MemberNameRgister42,MemberNameLogin83,MemberNAmeOpenShop83,MemberNameAppointShopOwner83,MemberNameAddDiscount83,ShopNameOpenShop83,ShopNameAppointShopOwner83,ShopNameAddDiscount83
MemberNameRegister43,MemberNameLogin84,MemberNAmeOpenShop84,MemberNameAppointShopOwner84,MemberNameAddDiscount84,ShopNameOpenShop84,ShopNameAppointShopOwner84,ShopNameAddDiscount84
MemberNameRgister43,MemberNameLogin85,MemberNAmeOpenShop85,MemberNameAppointShopOwner85,MemberNameAddDiscount85,ShopNameOpenShop85,ShopNameAppointShopOwner85,ShopNameAddDiscount85
MemberNameRegister44,MemberNameLogin86,MemberNAmeOpenShop86,MemberNameAppointShopOwner86,MemberNameAddDiscount86,ShopNameOpenShop86,ShopNameAppointShopOwner86,ShopNameAddDiscount86
MemberNameRgister44,MemberNameLogin87,MemberNAmeOpenShop87,MemberNameAppointShopOwner87,MemberNameAddDiscount87,ShopNameOpenShop87,ShopNameAppointShopOwner87,ShopNameAddDiscount87
MemberNameRegister45,MemberNameLogin88,MemberNAmeOpenShop88,MemberNameAppointShopOwner88,MemberNameAddDiscount88,ShopNameOpenShop88,ShopNameAppointShopOwner88,ShopNameAddDiscount88
MemberNameRgister45,MemberNameLogin89,MemberNAmeOpenShop89,MemberNameAppointShopOwner89,MemberNameAddDiscount89,ShopNameOpenShop89,ShopNameAppointShopOwner89,ShopNameAddDiscount89
MemberNameRegister46,MemberNameLogin90,MemberNAmeOpenShop90,MemberNameAppointShopOwner90,MemberNameAddDiscount90,ShopNameOpenShop90,ShopNameAppointShopOwner90,ShopNameAddDiscount90
MemberNameRgister46,MemberNameLogin91,MemberNAmeOpenShop91,MemberNameAppointShopOwner91,MemberNameAddDiscount91,ShopNameOpenShop91,ShopNameAppointShopOwner91,ShopNameAddDiscount91
MemberNameRegister47,MemberNameLogin92,MemberNAmeOpenShop92,MemberNameAppointShopOwner92,MemberNameAddDiscount92,ShopNameOpenShop92,ShopNameAppointShopOwner92,ShopNameAddDiscount92
MemberNameRgister47,MemberNameLogin93,MemberNAmeOpenShop93,MemberNameAppointShopOwner93,MemberNameAddDiscount93,ShopNameOpenShop93,ShopNameAppointShopOwner93,ShopNameAddDiscount93
MemberNameRegister48,MemberNameLogin94,MemberNAmeOpenShop94,MemberNameAppointShopOwner94,MemberNameAddDiscount94,ShopNameOpenShop94,ShopNameAppointShopOwner94,ShopNameAddDiscount94
MemberNameRgister48,MemberNameLogin95,MemberNAmeOpenShop95,MemberNameAppointShopOwner95,MemberNameAddDiscount95,ShopNameOpenShop95,ShopNameAppointShopOwner95,ShopNameAddDiscount95
MemberNameRegister49,MemberNameLogin96,MemberNAmeOpenShop96,MemberNameAppointShopOwner96,MemberNameAddDiscount96,ShopNameOpenShop96,ShopNameAppointShopOwner96,ShopNameAddDiscount96
MemberNameRgister49,MemberNameLogin97,MemberNAmeOpenShop97,MemberNameAppointShopOwner97,MemberNameAddDiscount97,ShopNameOpenShop97,ShopNameAppointShopOwner97,ShopNameAddDiscount97
MemberNameRegister50,MemberNameLogin98,MemberNAmeOpenShop98,MemberNameAppointShopOwner98,MemberNameAddDiscount98,ShopNameOpenShop98,ShopNameAppointShopOwner98,ShopNameAddDiscount98
MemberNameRgister50,MemberNameLogin99,MemberNAmeOpenShop99,MemberNameAppointShopOwner99,MemberNameAddDiscount99,ShopNameOpenShop99,ShopNameAppointShopOwner99,ShopNameAddDiscount99
MemberNameRegister51,MemberNameLogin100,MemberNAmeOpenShop100,MemberNameAppointShopOwner100,MemberNameAddDiscount100,ShopNameOpenShop100,ShopNameAppointShopOwner100,ShopNameAddDiscount100
